<?xml version="1.0" encoding="utf-8" ?>
<dwsync>
<file name="database.php" server="C:/xampp/htdocs/plaincart/" local="128052056420000000" remote="128052056420000000" />
<file name="common.php" server="C:/xampp/htdocs/plaincart/" local="128052056420000000" remote="128052056420000000" />
<file name="config.php" server="C:/xampp/htdocs/plaincart/" local="129180411819375000" remote="129180411810000000" />
<file name="category-functions.php" server="C:/xampp/htdocs/plaincart/" local="128052056420000000" remote="128052056420000000" />
<file name="product-functions.php" server="C:/xampp/htdocs/plaincart/" local="128052056420000000" remote="128052056420000000" />
<file name="cart-functions.php" server="C:/xampp/htdocs/plaincart/" local="128052056420000000" remote="128052056420000000" />
<file name="database.php" server="C:/wamp/www/shop/" local="128052056420000000" remote="128052056420000000" />
<file name="common.php" server="C:/wamp/www/shop/" local="128052056420000000" remote="128052056420000000" />
<file name="config.php" server="C:/wamp/www/shop/" local="129180636879193743" remote="129180636870000000" />
<file name="category-functions.php" server="C:/wamp/www/shop/" local="128052056420000000" remote="128052056420000000" />
<file name="product-functions.php" server="C:/wamp/www/shop/" local="128052056420000000" remote="128052056420000000" />
<file name="cart-functions.php" server="C:/wamp/www/shop/" local="128052056420000000" remote="128052056420000000" />
<file name="database.php" server="C:/wamp/www/plaincart/" local="128052056420000000" remote="128052056420000000" />
<file name="common.php" server="C:/wamp/www/plaincart/" local="128052056420000000" remote="128052056420000000" />
<file name="config.php" server="C:/wamp/www/plaincart/" local="129180636879193743" remote="129180636870000000" />
<file name="category-functions.php" server="C:/wamp/www/plaincart/" local="128052056420000000" remote="128052056420000000" />
<file name="product-functions.php" server="C:/wamp/www/plaincart/" local="128052056420000000" remote="128052056420000000" />
<file name="cart-functions.php" server="C:/wamp/www/plaincart/" local="128052056420000000" remote="128052056420000000" />
<file name="database.php" server="C:/xampp/htdocs/shop/" local="129181975210000000" remote="129181975210000000" />
<file name="common.php" server="C:/xampp/htdocs/shop/" local="129185701580937500" remote="129185701580000000" />
<file name="config.php" server="C:/xampp/htdocs/shop/" local="129181980180781250" remote="129181980180000000" />
<file name="category-functions.php" server="C:/xampp/htdocs/shop/" local="129185840636718750" remote="129185840630000000" />
<file name="product-functions.php" server="C:/xampp/htdocs/shop/" local="129185686856093750" remote="129185686850000000" />
<file name="cart-functions.php" server="C:/xampp/htdocs/shop/" local="129184171950781250" remote="129184171950000000" />
</dwsync>