<?xml version="1.0" encoding="utf-8" ?>
<dwsync>
<file name="header.php" server="C:/xampp/htdocs/plaincart/" local="128052056420000000" remote="128052056420000000" />
<file name="top.php" server="C:/xampp/htdocs/plaincart/" local="128052056420000000" remote="128052056420000000" />
<file name="leftNav.php" server="C:/xampp/htdocs/plaincart/" local="128052056420000000" remote="128052056420000000" />
<file name="productDetail.php" server="C:/xampp/htdocs/plaincart/" local="128052056420000000" remote="128052056420000000" />
<file name="productList.php" server="C:/xampp/htdocs/plaincart/" local="128052056420000000" remote="128052056420000000" />
<file name="categoryList.php" server="C:/xampp/htdocs/plaincart/" local="128052056420000000" remote="128052056420000000" />
<file name="miniCart.php" server="C:/xampp/htdocs/plaincart/" local="128052056420000000" remote="128052056420000000" />
<file name="footer.php" server="C:/xampp/htdocs/plaincart/" local="128052056420000000" remote="128052056420000000" />
<file name="header.php" server="C:/wamp/www/shop/" local="128052056420000000" remote="128052056420000000" />
<file name="top.php" server="C:/wamp/www/shop/" local="128052056420000000" remote="128052056420000000" />
<file name="leftNav.php" server="C:/wamp/www/shop/" local="128052056420000000" remote="128052056420000000" />
<file name="productDetail.php" server="C:/wamp/www/shop/" local="128052056420000000" remote="128052056420000000" />
<file name="productList.php" server="C:/wamp/www/shop/" local="128052056420000000" remote="128052056420000000" />
<file name="categoryList.php" server="C:/wamp/www/shop/" local="128052056420000000" remote="128052056420000000" />
<file name="miniCart.php" server="C:/wamp/www/shop/" local="128052056420000000" remote="128052056420000000" />
<file name="footer.php" server="C:/wamp/www/shop/" local="128052056420000000" remote="128052056420000000" />
<file name="header.php" server="C:/wamp/www/plaincart/" local="128052056420000000" remote="128052056420000000" />
<file name="top.php" server="C:/wamp/www/plaincart/" local="128052056420000000" remote="128052056420000000" />
<file name="leftNav.php" server="C:/wamp/www/plaincart/" local="128052056420000000" remote="128052056420000000" />
<file name="productDetail.php" server="C:/wamp/www/plaincart/" local="128052056420000000" remote="128052056420000000" />
<file name="productList.php" server="C:/wamp/www/plaincart/" local="128052056420000000" remote="128052056420000000" />
<file name="categoryList.php" server="C:/wamp/www/plaincart/" local="128052056420000000" remote="128052056420000000" />
<file name="miniCart.php" server="C:/wamp/www/plaincart/" local="128052056420000000" remote="128052056420000000" />
<file name="footer.php" server="C:/wamp/www/plaincart/" local="128052056420000000" remote="128052056420000000" />
<file name="header.php" server="C:/xampp/htdocs/shop/" local="129181930675000000" remote="129181930670000000" />
<file name="top.php" server="C:/xampp/htdocs/shop/" local="129181914568125000" remote="129181914560000000" />
<file name="leftNav.php" server="C:/xampp/htdocs/shop/" local="129181929288437500" remote="129181929280000000" />
<file name="productDetail.php" server="C:/xampp/htdocs/shop/" local="129181918529843750" remote="129181918520000000" />
<file name="productList.php" server="C:/xampp/htdocs/shop/" local="129181917878125000" remote="129181917870000000" />
<file name="categoryList.php" server="C:/xampp/htdocs/shop/" local="129181973586406250" remote="129181973580000000" />
<file name="miniCart.php" server="C:/xampp/htdocs/shop/" local="129181912687343750" remote="129181912680000000" />
<file name="footer.php" server="C:/xampp/htdocs/shop/" local="129181931053437500" remote="129181931050000000" />
</dwsync>